{
  "step": 0,
  "metrics": {
    "step": 0,
    "stage": "Stage1",
    "losses": {
      "primary": {
        "objective_name": "conditioned_denoising",
        "primary_value": 42.38299560546875,
        "decoder_anchored": true
      },
      "auxiliaries": {
        "intra_red": 90.62943267822266,
        "probe": 158.07101440429688,
        "leak": 0.0,
        "gate": 0.46952033042907715,
        "slot": 0.14079812169075012,
        "consistency": 0.3307434916496277,
        "pocket_contact": 1.2324059009552002,
        "pocket_clash": 0.0002682417689356953
      },
      "total": 42.41606903076172
    }
  },
  "config_hash": "4e2ade74d368db90",
  "dataset_validation_fingerprint": "bfc157a6a152e4b9",
  "metric_schema_version": 5,
  "resume_contract_version": "weights+history+step"
}