{
  "step": 0,
  "metrics": {
    "step": 0,
    "stage": "Stage1",
    "losses": {
      "primary": {
        "objective_name": "conditioned_denoising",
        "primary_value": 17.49420166015625,
        "decoder_anchored": true
      },
      "auxiliaries": {
        "intra_red": 2.9162328243255615,
        "probe": 26.63823890686035,
        "leak": 0.0,
        "gate": 0.5122484564781189,
        "slot": 0.13778714835643768,
        "consistency": 0.20291130244731903,
        "pocket_contact": 0.0,
        "pocket_clash": 0.0
      },
      "total": 17.51449203491211
    }
  },
  "config_hash": "7bd331799d1c3a5f",
  "dataset_validation_fingerprint": "96769c310e2425e3",
  "metric_schema_version": 4,
  "resume_contract_version": "weights+history+step"
}