{
  "step": 0,
  "metrics": {
    "step": 0,
    "stage": "Stage1",
    "losses": {
      "primary": {
        "objective_name": "conditioned_denoising",
        "primary_value": 29.669940948486328,
        "decoder_anchored": true
      },
      "auxiliaries": {
        "intra_red": 31.458730697631836,
        "probe": 65.56534576416016,
        "leak": 0.0,
        "gate": 0.519017219543457,
        "slot": 0.1509699672460556,
        "consistency": 0.19756685197353363,
        "pocket_contact": 0.025196921080350876,
        "pocket_clash": 0.000619024969637394
      },
      "total": 29.689697265625
    }
  },
  "config_hash": "ceee767d36ef3f8c",
  "dataset_validation_fingerprint": "bfc157a6a152e4b9",
  "metric_schema_version": 5,
  "resume_contract_version": "weights+history+step"
}