{
  "step": 0,
  "metrics": {
    "step": 0,
    "stage": "Stage1",
    "losses": {
      "primary": {
        "objective_name": "conditioned_denoising",
        "primary_value": 24.73914909362793,
        "decoder_anchored": true
      },
      "auxiliaries": {
        "intra_red": 430.9390869140625,
        "probe": 92.77513885498047,
        "leak": 0.0,
        "gate": 0.3935246169567108,
        "slot": 0.14997173845767975,
        "consistency": 0.19038191437721252,
        "pocket_contact": 2.5979809761047363,
        "pocket_clash": 0.00007912208093330264
      },
      "total": 24.75818634033203
    }
  },
  "config_hash": "6df82c42a475535d",
  "dataset_validation_fingerprint": "bfc157a6a152e4b9",
  "metric_schema_version": 5,
  "resume_contract_version": "weights+history+step"
}